data,forecast_ensemble,forecast_gru,forecast_lstm,forecast_gbrt,ic68_inf,ic68_sup,ic95_inf,ic95_sup
2024-09-01,76558.6827181093,77016.58850721622,77339.72628856236,75319.73335854932,74525.42861860854,78591.93681761005,72573.5046830878,80543.86075313078
2024-10-01,74490.65861675677,74257.37163335374,74471.57024820922,74743.03396870737,71692.8756854615,77288.44154805204,69007.00407141804,79974.31316209551
2024-11-01,74656.09788635136,75615.9840126855,75779.05953586845,72573.25011050016,71221.91738357919,78090.27838912353,67925.10410091792,81387.0916717848
2024-12-01,101487.25275467282,106663.54472046044,106850.14217465966,90948.07136889834,96096.63302652804,106877.8724828176,90921.63808750904,112052.8674218366
2025-01-01,75538.74509028085,75875.26137935252,76015.42613548946,74725.54775600058,71052.82046378385,80024.66971677785,66746.33282234674,84331.15735821496
2025-02-01,79554.335092226,79556.93129370433,79681.91351755943,79424.16046541424,74379.021389108,84729.64879534401,69410.72023411473,89697.94995033728
2025-03-01,79387.34714500587,80378.79566171665,80462.47000496651,77320.77576833444,73809.10305646207,84965.59123354967,68453.98873146003,90320.70555855171
2025-04-01,89775.51886621963,89572.73582985163,89665.59834849375,90088.22242031354,83031.78967933379,96519.24805310548,76557.80965992338,102993.22807251588
2025-05-01,120727.20843116347,122167.5937883931,122284.37326124126,117729.65824385606,111108.34812366177,130346.06873866517,101874.24222846012,139580.17463386682
2025-06-01,106711.55742882653,104996.71309917101,105104.9708508484,110032.9883364602,97749.48059911751,115673.63425853556,89145.88684259684,124277.22801505623
2025-07-01,82704.44684607787,81432.31952008496,81499.28316165776,85181.7378564909,75419.56674657448,89989.32694558127,68426.08185105123,96982.81184110451
2025-08-01,81328.36022161537,80613.12374834559,80662.59744506136,82709.35947143912,73846.15108122675,88810.56936200398,66663.23030645368,95993.49013677705
2025-09-01,84541.9096365797,85003.8757914724,84935.65488767588,83686.19823059083,76446.46077084102,92637.35850231838,68674.82985973188,100408.98941342751
2025-10-01,82320.2344787708,82703.61454858218,82687.34609920715,81569.74278852307,74139.96103913873,90500.50791840287,66286.89853709194,98353.57042044966
2025-11-01,82809.92158759975,82889.11138762315,82878.49037670119,82662.16299847489,74292.16534905993,91327.67782613957,66115.11936006171,99504.72381513778
2025-12-01,113254.68029411249,112684.3518676922,112670.03948253726,114409.64953210803,101223.35818563098,125286.002402594,89673.28896148872,136836.07162673626
2026-01-01,83932.88110237807,83874.96648708804,83864.62427190998,84059.0525481362,74742.07093340295,93123.69127135321,65918.89317118684,101946.86903356931
2026-02-01,89165.4532784432,88333.79474242475,88327.10052560958,90835.46456729522,79118.59957049986,99212.30698638652,69473.62001087426,108857.28654601212
2026-03-01,88334.16566616099,88146.94014149749,88150.8841814704,88704.67267551504,78108.23800454916,98560.09332777282,68291.3474494018,108376.98388292018
2026-04-01,99936.16657654381,99678.55306150843,99688.13619521436,100441.8104729086,88066.59923894437,111805.73391414326,76671.8145948489,123200.51855823872
2026-05-01,134161.21479565627,134042.8642707932,134059.25965157154,134381.52046460408,117833.1831384335,150489.24645287907,102158.27274749962,166164.1568438129
2026-06-01,118914.76503911347,118481.64689149248,118499.34399426497,119763.30423158297,104101.7205622545,133727.80951597245,89881.1978644699,147948.33221375704
2026-07-01,91740.73928866728,91827.2066085179,91840.52979498854,91554.4814624954,80055.88347128677,103425.59510604778,68838.42188660149,114643.05669073306
2026-08-01,90608.09165737021,90300.19641572081,90314.27587143974,91209.80268495012,78819.28598577125,102396.89732896918,67502.03254103624,113714.15077370418
2026-09-01,93865.39937298703,93261.03804504822,93554.7635683224,94780.39650559046,81400.9602460023,106329.83849997175,69435.09868409696,118295.7000618771
2026-10-01,91464.99399579126,90808.69183215834,91095.14355806721,92491.14659714822,79078.77402509017,103851.21396649235,67188.00285321711,115741.9851383654
2026-11-01,91589.30825609085,91348.61102203043,91636.27539327995,91783.03835296216,78949.98371675031,104228.63279543137,66816.2321589834,116362.38435319831
2026-12-01,125073.52037986706,124927.55774316908,125324.65127904761,124968.35211738451,107496.6482262232,142650.3925335109,90622.85095872513,159524.189801009
2027-01-01,92904.30915102306,92580.88933704652,92876.13314789007,93255.90496813263,79617.15230856331,106191.46599348281,66861.48173980195,118947.13656224417
2027-02-01,98659.88361121854,98353.98113628537,98664.37225252118,98961.29744484906,84308.34609988437,113011.4211225527,70530.87008900358,126788.8971334335
2027-03-01,97755.75692933697,97437.68129809861,97742.57674218576,98087.01274772653,83300.68044055699,112210.83341811695,69423.80701132819,126087.70684734576
2027-04-01,110777.11734674576,110235.65812199519,110578.64906517719,111517.04485306487,94134.47603595463,127419.75865753688,78157.54037759516,143396.69431589634
2027-05-01,148460.22517668203,147989.90258509695,148446.47987111713,148944.29307383203,125810.42946935652,171110.02088400754,104066.62559032402,192853.82476304003
2027-06-01,131555.2738519488,131170.3046218375,131575.46243873288,131920.05449527598,111182.74573694036,151927.8019669572,91625.11874653227,171485.4289573653
2027-07-01,101490.41887009481,101194.53989250874,101507.35908554349,101769.35763223219,85544.25321429147,117436.58452589814,70235.93418472027,132744.90355546935
2027-08-01,100231.31458334059,99944.68174040914,100253.38554258631,100495.8764670263,84259.58748150618,116203.04168517498,68926.72946374517,131535.899702936
2027-09-01,104089.75760807323,104288.26116939145,104556.40722518951,103424.6044296387,87274.40171229212,120905.11350385433,71131.66005234225,137047.8551638042
2027-10-01,101450.98186371876,101619.80851344993,101882.4335186917,100850.70355901464,84841.91409145229,118060.04963598523,68897.2090300765,134004.754697361
2027-11-01,101639.64218809483,101755.76786944673,102020.69405993132,101142.46463490643,84782.16287776135,118497.1214984283,68598.9827398412,134680.30163634845
2027-12-01,138781.95955666862,138953.72666558222,139318.71327652904,138073.43872789462,115470.99654398845,162092.9225693488,93092.4720518155,184471.44706152173
2028-01-01,102995.57339359836,103212.8490187007,103485.80985275003,102288.06130934437,85480.67217055417,120510.47461664255,68666.36699643175,137324.77979076497
2028-02-01,109301.46067856524,109606.7266372777,109897.38094125816,108400.27445715983,90488.90426284102,128114.01709428945,72428.85010374579,146174.0712533847
2028-03-01,108374.45277816919,108603.13550900803,108890.69574000295,107629.5270854966,89500.69619132906,127248.20936500933,71381.88986796253,145367.01568837583
2028-04-01,122810.54846657433,123069.99233238232,123395.54972528073,121966.10334205996,101175.43319403511,144445.66373911357,80405.72253239747,165215.37440075117
2028-05-01,164547.28203693786,164935.14555499746,165371.44014051688,163335.26041529927,135231.99341927114,193862.5706546046,107089.31634631105,222005.24772756465
2028-06-01,145974.85338921487,146154.59698444986,146541.069102651,145228.8940805438,119681.00418601108,172268.70259241865,94438.90895093544,197510.7978274943
2028-07-01,112515.20006529761,112752.60155155769,113051.59200172435,111741.40664261083,92029.19243993917,133001.20769065607,72362.62511959508,152667.77501100017
2028-08-01,111119.33049725427,111353.60261205406,111649.26170739692,110355.12717231183,90673.37368575949,131565.28730874904,71045.25514672449,151193.40584778404
2028-09-01,115384.59475542388,114792.79875841635,115571.07358577401,115789.91192208129,93933.81551217756,136835.3739986702,73341.0674386611,157428.12207218667
2028-10-01,112348.92106812882,111882.92602093444,112641.25948557674,112522.57769787528,91250.4437858282,133447.39835042943,70995.90559481963,153701.93654143802
2028-11-01,112679.43176047686,112092.17046455259,112850.96802005278,113095.15679682525,91308.32860725778,134050.53491369594,70792.06958016746,154566.79394078624
2028-12-01,153784.49234490105,153056.31084732505,154090.42063778656,154206.74554959155,124332.72104062335,183236.26364917873,96059.02058851675,211509.96410128535
2029-01-01,114183.49563568551,113589.86113775014,114356.71462239849,114603.91114690786,92106.57616062088,136260.41511075015,70912.73346455884,157454.25780681218
2029-02-01,121203.34419659052,120544.62696565928,121358.2205246792,121707.18509943305,97549.12117943514,144857.5672137459,74841.06708296596,167565.62131021507
2029-03-01,120146.51627381581,119521.6347650436,120328.8853481464,120589.02870825739,96482.43044966155,143810.60209797006,73764.90805847345,166528.12448915816
2029-04-01,136150.32507347388,135441.5008660987,136357.2987255682,136652.17562875478,109091.43985411679,163209.21029283098,83114.910043534,189185.7401034138
2029-05-01,182420.1747272847,181469.82559365872,182697.76101153527,183092.93757666007,145843.22380991845,218997.12564465098,110729.35092924684,254110.99852532253
2029-06-01,161830.26453363648,160986.8976048167,162076.63260711785,162427.2633889748,129098.38492343019,194562.14414384274,97675.78049763215,225984.74856964083
2029-07-01,124736.24589311716,124086.10147306288,124926.16837671689,125196.46782957172,99290.45936897685,150182.03241725746,74862.50430580218,174609.98748043214
2029-08-01,123188.73598411093,122546.63580217243,123376.29837231143,123643.27377784895,97846.56431361825,148530.9076546036,73518.07950994528,172859.39245827656
2029-09-01,128372.29395341233,128314.406605958,128283.0000146067,128519.47523967229,101744.60815359064,154999.97975323405,76182.02978576181,180562.55812106284
2029-10-01,124994.5878407574,124937.20629069231,124908.32357027441,125138.23366130551,98855.87137237175,151133.30430914307,73762.70356272152,176226.4721187933
2029-11-01,125545.46194764563,125302.68440785584,125276.32853596473,126057.37289911632,99080.66915111455,152010.2547441767,73674.46806644474,177416.45582884652
2029-12-01,171259.4764356428,171009.21618681872,170977.76337593817,171791.4497441715,134872.84906137027,207646.10380991534,99941.68678206866,242577.26608921695
2030-01-01,127220.2460207361,126970.48214714386,126950.24814799546,127740.00776706895,99980.05719486898,154460.43484660322,73829.47592203655,180611.01611943566
2030-02-01,135043.88440371063,134774.584603674,134755.9511963575,135601.11741110036,105906.9340746635,164180.83473275776,77935.46175877826,192152.307048643
2030-03-01,133877.96033243352,133598.05725092173,133581.92132175594,134453.90242462285,104774.56271274082,162981.3579521262,76835.30099783585,190920.6196670312
2030-04-01,151710.81539035877,151392.5634210532,151376.3928191956,152363.48993082752,118485.56953867764,184936.0612420399,86589.33352106375,216832.2972596538
2030-05-01,203306.38952861432,202841.44146485886,202821.9977924031,204255.72932858107,158455.32270617204,248157.4563510566,115398.29855662747,291214.4805006012
2030-06-01,180359.18502118273,179945.95640830064,179930.3759331913,181201.22272205623,140283.17389125883,220435.19615110665,101810.20320653188,258908.16683583357
2030-07-01,138969.72680436834,138699.19349480196,138688.27306144664,139521.71385685643,107870.71548426051,170068.73812447616,78015.66461695702,199923.78899177967
2030-08-01,137245.81025839795,136978.37121055904,136968.2879304586,137790.77163417623,106317.04744735004,168174.57306944585,76625.43514874406,197866.18536805184
2030-09-01,142781.1849434801,142841.01890122565,142729.44709902923,142773.0888301855,110382.33337111071,175180.0365158495,79279.43586163613,206282.93402532407
2030-10-01,139025.09110306538,139083.9857702129,138974.81565481375,139016.47188416947,107263.20730540591,170786.97490072483,76771.79885965284,201278.3833464779
2030-11-01,139638.46675426603,139698.46408715096,139587.79316615258,139629.14300949455,107521.61940078485,171755.31410774722,76689.44594144291,202587.48756708918
2030-12-01,190500.67959433937,190567.55876772126,190414.5261390172,190519.95387627961,146394.38947819546,234606.96971048327,104052.3509666973,276949.0082219814
2031-01-01,141513.71185089002,141564.05623122514,141449.17144472123,141527.90787672368,108534.43796696667,174492.98573481335,76874.33503840028,206153.08866337975
2031-02-01,150216.2707782169,150270.2845139131,150147.10610120973,150231.42171952777,114982.30876418269,185450.2327922511,81157.70523070983,219274.83632572394
2031-03-01,148919.23097373478,148973.16906523195,148850.15036353312,148934.37349243925,113766.30053253232,184072.16141493723,80019.48730897796,217818.9746384916
2031-04-01,168755.4061610354,168816.8929865605,168676.54776610775,168772.77773043796,128668.74433219367,208842.06798987713,90185.54897650563,247325.2633455652
2031-05-01,226158.79823524086,226230.19694738844,226041.04926077437,226205.14849755974,172101.64121638337,280215.95525409834,120206.77047828019,332110.8259922016
2031-06-01,200631.96670596325,200695.56188306515,200526.9785572953,200673.35967752925,152381.19531182112,248882.73810010537,106060.45477344465,295203.4786384818
2031-07-01,154590.0464571546,154639.20761189424,154508.79833162323,154622.1334279464,117186.06972151158,191994.02319279758,81278.2520552943,227901.84085901486
2031-08-01,152672.18162813995,152720.8789127181,152591.61686556533,152704.0491061364,115510.38015521163,189833.98310106827,79835.05074120045,225509.31251507942
2031-09-01,158040.2981919306,157312.36870651867,158692.21018377604,158116.3156854971,119343.5467759628,196737.0496078984,82194.66541663372,233885.9309672275
2031-10-01,153882.21760050973,153173.50593067412,154516.34085500007,153956.806015855,115982.59666591037,191781.83853510907,79598.96056869498,228165.47463232448
2031-11-01,154541.1321611883,153848.62285992946,155196.27398287508,154578.49964076033,116258.57671740722,192823.68760496934,79507.32349137742,229574.94083099917
2031-12-01,210830.34812464242,209885.84893362378,211722.69352871226,210882.5019115913,158304.67021046995,263356.0260388149,107880.01941286433,313780.67683642055
2032-01-01,156614.7592629925,155913.45756760216,157276.4414891829,156654.3787321925,117375.13005472774,195854.3884712573,79705.08601479357,233524.43251119147
2032-02-01,166245.09752042816,165501.12263575997,166946.13842350594,166288.0315020185,124359.25012659923,208130.9449142571,84148.83662852344,248341.35841233286
2032-03-01,164808.85729016704,164071.8272246396,165502.5242896644,164852.2203561971,123054.82250637973,206562.89207395437,82970.94911394392,246646.76546639015
2032-04-01,186760.74543099952,185926.15937575814,187545.39289171543,186810.68402552503,139185.9733149586,234335.51754704045,93514.19208355932,280007.29877843976
2032-05-01,250351.97613878906,249170.17818971028,251337.62953166867,250548.1206949882,186232.53883694648,314471.41344063164,124677.87902717758,376026.07325040054
2032-06-01,222117.15405621802,221046.01232282165,222966.75731741756,222338.69252841492,164924.10746199,279310.200650446,110018.78273153116,334215.52538090484
2032-07-01,171144.28353613024,170319.4305069968,171798.0042605888,171315.41584080516,126842.48022248808,215446.0868497724,84312.74904139164,257975.81803086886
2032-08-01,169020.6916817544,168206.4852213075,169665.5359856787,169190.05383827703,125038.922454119,213002.46090938977,82816.42399558904,255224.95936791974
2032-09-01,175396.71509091544,175754.62790031353,175260.51922731698,175174.9981451158,129518.70982625849,221274.7203555724,85475.82477218783,265317.60540964303
2032-10-01,170798.78020624342,171128.84345253624,170648.31517951068,170619.18198668334,125893.74854530572,215703.81186718112,82784.91815080555,258812.6422616813
2032-11-01,171493.2836405392,171859.53682375434,171378.62180553807,171241.69229232523,126176.20371919393,216810.36356188444,82671.80699470248,260314.76028637588
2032-12-01,233956.93985208173,234454.32863293364,233802.66207036903,233613.8288529426,171822.3928389867,296091.48686517676,112173.2277064155,355740.65199774795
2033-01-01,173794.39196995235,174162.44831700783,173681.32071069028,173539.40688215895,127407.67357552836,220181.11036437636,82876.42391688131,264712.3600230234
2033-02-01,184481.39848020812,184870.83597421678,184362.9072936605,184210.45217274706,134999.0991187416,233963.69784167464,87496.09173173377,281466.7052286825
2033-03-01,182887.98903984975,183273.0436564142,182771.91949662808,182619.003966507,133593.20125662684,232182.77682307267,86270.20498473289,279505.7730949666
2033-04-01,207248.43853223269,207683.83040143186,207118.3519715256,206943.13322374068,151117.1332951126,263379.7437693528,97231.08026747731,317265.79679698806
2033-05-01,277816.3294237749,278398.8920636685,277643.71602131595,277406.3801863403,202211.48520750378,353421.1736400461,129630.83475988351,426001.82408766635
2033-06-01,246484.6611677179,247000.70794640164,246332.92678080176,246120.34877595026,179087.74347736497,313881.57885807083,114386.70249462618,378582.6198408096
2033-07-01,189920.22396363397,190317.30043806892,189804.3004234006,189639.07102943235,137745.4823568772,242094.96557039072,87657.73041439077,292182.71751287713
2033-08-01,187564.03392082313,187955.74362866973,187450.36591125885,187285.9922225408,135796.36055867595,239331.7072829703,86099.39413101468,289028.6737106316
2033-09-01,194878.01957659866,195273.07898205606,194991.37188780878,194369.60785993113,140843.2491313214,248912.7900218759,88969.86950385524,300786.1696493421
2033-10-01,189768.67015743407,190151.6452665219,189880.05687888752,189274.3083268928,136909.77746874766,242627.56284612048,86165.24048760871,293372.09982725943
2033-11-01,190579.7771010501,190921.97888798712,190652.48793067076,190164.86448449237,137254.2068506388,243905.34735146142,86061.65941024398,295097.89479185623
2033-12-01,259994.23043350098,260458.3920436658,260094.95708252597,259429.34217431123,186919.044972418,333069.415894584,116766.86692977835,403221.5939372236
2034-01-01,193135.48759488374,193478.70025862995,193211.25319376792,192716.50933225334,138610.13201889468,247660.8431708728,86265.79066594521,300005.1845238223
2034-02-01,205011.37546795417,205374.48496443374,205092.56220947907,204567.07922994968,146877.72575763517,263145.02517827315,91069.42203572893,318953.3289001794
2034-03-01,203240.3945889863,203599.57528515393,203321.42346404603,202800.1850177589,145356.7119258488,261124.07725212383,89788.37656923679,316692.4126087358
2034-04-01,230311.61856160624,230718.07147844002,230403.87030408607,229812.91390229258,164433.3697175347,296189.8674056778,101190.25082722602,359432.9862959865
2034-05-01,308732.42646633013,309276.79268837365,308856.500092994,308063.9866176227,220042.89074147615,397421.9621911841,134900.9364456164,482563.9164870439
2034-06-01,273914.08951720526,274396.79868832487,274024.43248253077,273321.03738076,194891.25930690498,352936.91972750553,119029.34230501673,428798.8367293938
2034-07-01,211055.0405822924,211426.84521303905,211140.21178040653,210598.06475343165,149909.27122741868,272200.8099371661,91209.33264673995,330900.7485178449
2034-08-01,208436.6756092878,208803.78511977723,208520.9006175241,207985.3410905621,147796.2884680985,269077.0627504771,89581.51681255679,327291.8344060188
2034-09-01,216543.06341883622,216766.88940481996,216639.27970796791,216223.0211437208,153282.3382650945,279803.78857257793,92552.04211750247,340534.08472016995
2034-10-01,210865.77744611548,211083.7784889571,210959.50948350586,210554.0443658834,149009.5796471366,272721.9752450944,89627.62976011686,332103.9251321141
2034-11-01,211767.1377985317,211986.11584897447,211861.30564329645,211453.99190332423,149392.45833297193,274141.81726409146,89512.76604603457,334021.50955102884
2034-12-01,288898.66494170786,289197.4900145798,289027.0901974054,288471.4146131385,203460.17148791606,374337.15839549963,121439.21777227595,456358.1121111398
2035-01-01,214607.03248663875,214829.0574214422,214702.4105124665,214289.62952600757,150884.04033865823,278330.02463461924,89709.96787659694,339504.0970966806
2035-02-01,227803.21319126754,228038.92466293977,227904.43077671435,227466.2841341485,159891.86966325797,295714.5567192771,94696.97987636879,360909.4465061663
2035-03-01,225835.346121412,226069.04284865188,225935.66790588183,225501.32760970228,158244.01796143578,293426.67428138823,93356.3429278586,358314.3493149654
2035-04-01,255916.17557265065,256181.01037011435,256029.8519253145,255537.66442252308,179020.85246447648,332811.4986808248,105201.34228062932,406631.008864672
2035-05-01,343055.2965584597,343410.3289715563,343207.6524244963,342547.9082793266,239575.35174801832,446535.2413689011,140234.6047299946,545875.9883869248
2035-06-01,304366.07777072495,304681.0750256787,304501.2415611513,303915.916725345,212201.2685907096,396530.88695074024,123723.05177789487,485009.103763555
2035-07-01,234518.76459762923,234761.48412815822,234622.89740154782,234171.91226318167,163231.74631544782,305805.7828798106,94796.20876455371,374241.32043070474
2035-08-01,231609.30320589317,231849.00970721134,231712.14229812913,231266.7576123391,160938.47679044947,302280.1296213369,93094.48343162349,370124.12298016285
2035-09-01,240190.75431114226,240768.38173437773,239486.22442629695,240317.6567727521,166624.38706262416,313757.12155966036,96000.67450404682,384380.83411823766
2035-10-01,233893.92610223647,234457.32317495573,233207.40222158827,234017.05291016545,161987.3603439256,305800.49186054734,92957.05721594719,374830.79498852574
2035-11-01,234894.3380020015,235461.43704750607,234204.2019674471,235017.37499105133,162411.2583942858,307377.4176097172,92827.50197087879,376961.17403312423
2035-12-01,320450.2040479908,321225.5527890397,319507.76916133484,320617.2901935978,221200.95922068166,419699.4488752999,125921.68418646495,514978.72390951664
2036-01-01,238045.36566140814,238622.35418588464,237344.67674800375,238169.06605033603,164047.83644960917,312042.8948732071,93010.20840628217,383080.52291653416
2036-02-01,252683.04517712918,253296.32968390884,251938.73027701632,252814.07557046245,173849.17467464617,331516.9156796122,98168.65899226244,407197.4313619959
2036-03-01,250500.39184973342,251108.96214377528,249762.06003316856,250630.15337225638,172064.82960805832,328935.9540914085,96766.68985605024,404234.0938434166
2036-04-01,283866.6069726951,284556.70779291657,283029.5101361483,284013.6029890204,194664.41450305266,373068.79944233753,109030.30973219594,458702.90421319427
2036-05-01,380522.7829117607,381448.3174858709,379400.17021672893,380719.8610326821,260521.07561934536,500524.49020417593,145319.43661862667,615726.1292048946
2036-06-01,337607.95897143317,338429.41290214006,336611.57013345713,337782.89387870225,230762.99599627836,444452.921946588,128191.83154012979,547024.0864027365
2036-07-01,260132.06304656205,260765.18945547624,259364.06207128032,260266.93761292959,177517.0247912902,342747.10130183387,98206.58806622923,422057.5380268949
2036-08-01,256904.74910255056,257530.16746748256,256146.03782469584,257038.0420154732,175029.88672270172,338779.6114823994,96430.01883804682,417379.47936705424
2036-09-01,265536.37738253525,267048.8223594793,263061.49551144836,266498.8142766781,180617.3069569477,350455.44780812284,99094.99934838359,431977.75541668694
2036-10-01,258500.31817371372,260051.58510932408,256159.2914491986,259290.07796261847,175546.81825818104,341453.8180892464,95911.45833926972,421089.1780081577
2036-11-01,259495.33988782126,261168.1835713113,257247.61536123007,260070.22073092248,175937.8404439428,343052.8393316997,95722.64097781954,423268.038797823
2036-12-01,354002.3428346394,356299.11285072414,350939.17701279395,354768.7386404003,239626.52873930353,468378.15692997526,129825.74720778111,578178.9384614978
2037-01-01,262968.5143215281,264678.42024565855,260688.3480572527,263538.7746616731,177718.57249743547,348218.45614562073,95878.62834630652,430058.40029674966
2037-02-01,279137.01851585554,280955.6355471215,276711.34719005524,279744.0728103898,188342.36632638762,369931.67070532346,101179.50022449845,457094.53680721263
2037-03-01,276723.60121485096,278529.73717203195,274313.3977026589,277327.66876986215,186414.42539889834,367032.77703080355,99717.61661558381,453729.58581411815
2037-04-01,313579.69537724863,315629.9137180241,310841.94204319164,314267.2303705301,210904.1703729905,416255.2203815067,112335.66636890279,514823.7243855944
2037-05-01,420348.6837458709,423101.66114946746,416669.61474950047,421274.7753386448,282261.7419057177,558435.6255860241,149698.27773917068,690999.0897525711
2037-06-01,372938.14868221415,375384.8512435019,369665.5957597256,373763.99904341495,250026.12325382404,495850.1741106043,132030.57884256955,613845.7185218587
2037-07-01,287404.24182029086,289239.68462341686,284822.86194562074,288150.178891835,192375.22696871893,382433.25667186273,101147.37271120989,473661.11092937185
2037-08-01,283820.8609633452,285650.9572881831,281279.04758814775,284532.5780137048,189674.43957637495,377967.2823503155,99293.87504488349,468347.8468818069
2037-09-01,294848.7878242174,295236.31685437675,295096.7214339971,294213.32518427836,196731.30969815212,392966.2659502827,102538.53069712943,487159.0449513054
2037-10-01,287028.81337259256,287403.7391947114,287277.8495326473,286404.85139041895,191209.89958404066,382847.72716114443,99223.74234703081,474833.8843981543
2037-11-01,288185.25368836196,288499.35501187446,288384.53154923423,287671.87450397713,191676.31918357487,384694.18819314905,99027.74205897925,477342.7653177447
2037-12-01,393137.427720492,393557.1452631616,393414.4968214312,392440.64107688324,261068.21547175557,525206.6399692284,134281.7717129686,651993.0837280154
2038-01-01,292062.1194294487,292344.9046638442,292246.8652175085,291594.58840699325,193641.6629916452,390482.57586725213,99158.02481135385,484966.21404754353
2038-02-01,310018.24612787674,310314.74523663655,310216.8388891963,309523.15425779746,205222.9072005874,414813.5850551661,104619.38183038966,515417.1104253638
2038-03-01,307337.1925960796,307628.6714562445,307535.8877566622,306847.01857533207,203127.97712397587,411546.40806818334,103087.13027075626,511587.2549214029
2038-04-01,348270.31410792074,348598.7978360193,348496.9724176793,347715.1720700637,229820.17203806862,466720.45617777284,116108.03565101058,580432.5925648309
2038-05-01,466850.81285385136,467289.5809312943,467156.10055122705,466106.75707903266,307586.93142249016,626114.6942852126,154693.60524838342,779008.0204593192
2038-06-01,414195.43380994356,414583.8222066041,414467.245749256,413535.2334739706,272467.14122746594,555923.7263924212,136407.9803482874,691982.8872715997
2038-07-01,319199.21974890266,319498.07091936533,319409.26216326136,318690.32616408134,209647.9890006735,428750.4504971318,104478.80748237351,533919.6320154318
2038-08-01,315219.5361163126,315514.3618110775,315427.3788267137,314716.8677111466,206710.73358592743,423728.33864669775,102542.2831567577,527896.7890758675
2038-09-01,325121.8922822134,320248.80685763084,327720.9539326593,327395.91605635,212871.7834891247,437372.0010753021,105111.67904775958,545132.1055166671
2038-10-01,316437.22211009054,311764.5136028083,319028.334584244,318518.8181432194,206862.79004238598,426011.6541777951,101671.33525738967,531203.1089627915
2038-11-01,317437.21752757777,313035.6762257609,320312.14322510234,318963.83313187014,207193.68947497083,427680.74558018474,101359.90254446816,533514.5325106874
2038-12-01,433493.26865447283,427060.1166825662,436961.2849557446,436458.4043251078,282504.79812691844,584481.7391820272,137555.86642046628,729430.6708884794
2039-01-01,322046.0548548458,317276.17482132936,324616.6810502504,324245.3086929576,209549.7547397025,434542.3549699891,101553.30662916492,542538.8030805266
2039-02-01,341874.07627912186,336791.5651676722,344572.11223086395,344258.5514388294,222106.84807606612,461641.3044821776,107130.30900113269,576617.8435571111
2039-03-01,338817.300750024,333884.37218587345,341590.3305619598,340977.19950223883,219780.34631237443,457854.25518767355,105504.87005223086,572129.7314478171
2039-04-01,384046.3397756968,378357.1098351173,387083.5833583247,386698.32613364846,248734.07328410278,519358.60626729083,118834.29745217257,649258.382099221
2039-05-01,514717.5115181766,507184.5274539471,518877.2527435769,518090.7543570057,332850.9811704143,696584.0418659388,158259.11203656258,871175.9109997905
2039-06-01,456894.9293615492,449981.46765862365,460352.2429748032,460351.07745122066,295003.616969723,618786.2417533754,139587.95707356985,774201.9016495285
2039-07-01,352105.2154897747,346777.6842851582,354768.95041272667,354769.01177143934,226994.01888953935,477216.41209001007,106887.27015331341,597323.160826236
2039-08-01,347697.91079661896,342453.51196515246,350345.0621726862,350295.1582520183,223808.11473818857,471587.70685504936,104873.91052209541,590521.9110711425
2039-09-01,360887.4937810623,361233.98395409685,361363.3658029727,360065.13158611744,231941.3603324409,489833.6272296837,108153.07222176438,613621.9153403603
2039-10-01,351333.5894528278,351577.2260930707,351712.23897277965,350711.303292633,225454.79614016417,477212.38276549143,104611.15456000715,598056.0243456485
2039-11-01,352654.68865007715,352680.3678619255,352826.8233780352,352456.8747102707,225955.9149342107,479353.4623659436,104325.09216697895,600984.2851331753
2039-12-01,481466.08955202304,481612.21272355894,481827.7706905876,480958.28524192254,308017.0815727838,654915.0975312623,141506.0339127141,821426.145191332
2040-01-01,357685.55798941787,357789.51702619257,357958.91362681735,357308.24331524386,228479.02480450238,486892.09117433336,104440.75294698354,610930.3630318522
2040-02-01,379708.4714501761,379815.28515246697,380002.8102949537,379307.3189031077,242176.406724903,517240.5361754492,110145.6245886409,649271.3183117112
2040-03-01,376337.63201848697,376417.6155621455,376609.23574484634,375986.044748469,239660.56345645452,513014.70058051945,108450.5776369034,644224.6864000706
2040-04-01,426576.2978308001,426664.8722333078,426887.2470130665,426176.77424602606,271240.0359730707,581912.5596885296,122117.22458965037,731035.3710719498
2040-05-01,571740.2804486501,571836.1599103463,572139.6537380068,571245.0276975974,362990.0821198576,780490.4787774426,162589.8917242169,980890.6691730833
2040-06-01,507489.70692349784,507596.57014790096,507869.9458768145,507002.604745778,321708.7297032857,693270.6841437101,143358.99157188198,871620.4222751138
2040-07-01,391096.70651742886,391178.24647536216,391391.2720684057,390720.6010085188,247548.40882661974,534645.004208238,109742.04304344297,672451.3699914148
2040-08-01,386201.9592279082,386281.8642415654,386494.06631430564,385829.9471278537,244079.638232038,528324.2802237784,107642.21007600261,664761.7083798138
2040-09-01,400763.0347735446,400568.4467547968,401116.2687447199,400604.38882111706,252898.67218789246,548627.3973591967,110948.88410566647,690577.1854414226
2040-10-01,390088.01549889287,389964.369294827,390497.7534488365,389801.9237530152,245789.89407746232,534386.1369203235,107263.69751288908,672912.3334848966
2040-11-01,391602.9965873721,391431.3991222771,391966.38905185164,391411.2015879876,246371.59908667245,536834.3940880718,106949.45748600079,676256.5356887435
2040-12-01,534640.9169516419,534407.0477112337,535136.814387676,534378.8887560159,335854.1671563906,733427.6667468932,145018.8873529494,924262.9465503345
2041-01-01,397189.68295993196,397016.12486280553,397557.9639351595,396994.96008183085,249132.91093782065,545246.4549820432,106998.40979659378,687380.9561232701
2041-02-01,421644.9257059439,421460.82505118364,422035.77515665,421438.1769099981,264073.78550641553,579216.0659054723,112805.49091486834,730484.3604970195
2041-03-01,417901.807813193,417719.4109690768,418289.12797708326,417696.88449341897,261335.61451546996,574468.001110916,111032.06894965579,724771.5466767302
2041-04-01,473689.0176392577,473482.3244779072,474127.98257314047,473456.7458667254,295776.9045095428,651601.1307689727,124981.27590501646,822396.759373499
2041-05-01,634885.4713951616,634608.4957992682,635473.7659106452,634574.1524755713,395834.43995228864,873936.5028380345,166345.4497671307,1103425.4930231925
2041-06-01,563538.8090106576,563292.9948441066,564060.9480257445,563262.4841621215,350824.4933649446,776253.1246563705,146618.7503450602,980458.8676762551
2041-07-01,434290.91408708994,434101.48438947316,434693.28652519936,434077.9713465973,269957.4664074047,598624.3617667751,112197.35663490687,756384.471539273
2041-08-01,428855.5621085556,428668.51339103916,429252.8783103915,428645.29462423606,266179.6182834923,591531.5059336189,110010.71221143157,747700.4120056797
2041-09-01,445268.9172355402,445501.5795380116,445402.74669812515,444902.4254704841,275953.4964111239,614584.3380599566,113410.69241968429,777127.1420513962
2041-10-01,433408.27963807475,433634.32625453564,433538.83577413904,433051.6768855494,268201.44198113534,598615.1172950141,109602.87783047356,757213.681445676
2041-11-01,435134.126006782,435317.8597728073,435222.83488725434,434861.6833602843,268867.3323325169,601400.9196810471,109251.21040522253,761017.0416083415
2041-12-01,594072.2778636912,594322.5211651016,594193.9292191135,593700.3832068586,366526.82644571055,821617.7292816719,148083.1930844491,1040061.3626429334
2042-01-01,441341.8012319187,441527.37413167785,441432.5227868419,441065.50677723635,271890.3039941801,610793.2984696572,109216.86664595109,773466.7358178862
2042-02-01,468515.57594812434,468712.30784930266,468612.20573553466,468222.2142595357,288200.979014107,648830.1728821417,115098.96595745049,821932.1859387982
2042-03-01,464356.45590165583,464551.2650109608,464452.4923472157,464065.6103467909,285217.54899570276,643495.3628076089,113244.19836598783,815468.7134373238
2042-04-01,526345.1630949203,526565.8530587981,526454.2446304393,526015.3915955236,322811.72392239043,729878.6022674503,127419.62231676182,925270.7038730789
2042-05-01,705460.6349332836,705756.3029557645,705607.0824817386,705018.5193623478,432022.0543579984,978899.2155085687,169521.01700572477,1241400.2528608423
2042-06-01,626183.0410584403,626445.4034754873,626313.2194717599,625790.5002280739,382903.60947375285,869462.4726431278,149355.3551524529,1103010.7269644279
2042-07-01,482567.73031686543,482769.87397939136,482668.1667711806,482265.15020002413,294646.9915027915,670488.4691309393,114243.08224128054,850892.3783924504
2042-08-01,476528.2243934374,476727.80797732924,476627.48677089467,476229.37843208836,290528.32532318524,662528.1234636895,111968.42221574325,841088.0265711315
2042-09-01,494715.8867158483,494995.08538436185,494845.82471544674,494306.75004773634,301170.45357566205,688261.3198560346,115366.83776108331,874064.9356706132
2042-10-01,481538.23962286813,481810.14222757064,481664.68598401453,481139.89065701934,292714.6576643356,670361.8215814007,111444.01898414447,851632.4602615917
2042-11-01,483436.95831834915,483729.0018305525,483582.7368861304,482999.1362383646,293434.5479234922,673439.368713206,111032.2339444296,855841.6826922687
2042-12-01,660018.4144765334,660417.4438270873,660217.2211603421,659420.5784421708,400023.65324517875,920013.1757078881,150428.68246307824,1169608.1464899888
2043-01-01,490333.8555172828,490630.49596876674,490481.4111873984,489889.6593956832,296742.82944773225,683924.8815868333,110895.44442096373,869772.2666136019
2043-02-01,520524.14392591105,520839.2135016638,520680.65293524606,520052.5653408232,314549.11613752955,726499.1717142925,116813.0894606834,924235.1983911387
2043-03-01,515903.3441578461,516215.72699429304,516058.36584045837,515435.939638787,311297.5261109931,720509.1622046991,114875.94078601422,916930.7475296779
2043-04-01,584773.2320162604,585127.4085554201,584948.8463477558,584243.4411456052,352334.39272680046,817212.0713057204,129193.107008919,1040353.3570236019
2043-05-01,783771.7807320455,784246.5394995601,784007.0822797469,783061.7204168297,471539.2952057191,1096004.266258372,171796.10910044584,1395747.4523636452
2043-06-01,695693.7883134899,696115.2501266685,695902.5703065491,695063.5445072519,417933.8867679253,973453.6898590544,151284.3812841835,1240103.1953427962
2043-07-01,536136.1494015537,536460.9869687343,536296.9962666008,535650.464969326,321607.53696028295,750664.7618428244,115660.06901666312,956612.2297864442
2043-08-01,529426.199000969,529746.987865731,529584.99930119,528946.6098359855,317116.3914462258,741736.0065557121,113298.97619367231,945553.4218082656
2043-09-01,549494.3658007003,549718.0892444024,549638.2500035143,549126.758154184,328654.136567477,770334.5950339235,116647.51650358271,982341.2150978179
2043-10-01,534857.7562740286,535075.9183164357,534997.5708305794,534499.7796750708,319431.11000495864,750284.4025430984,112621.52958665165,957093.9829614055
2043-11-01,536966.898033499,537186.36223262,537107.0046692818,536607.3271985953,320221.0892906899,753712.7067763081,112145.11289759331,961788.6831694047
2043-12-01,733101.0265518903,733401.1633584306,733291.9840196143,732609.932277626,436546.18111100444,1029655.8719927762,151853.529487754,1314348.5236160266
2044-01-01,544627.7023294386,544850.9612328417,544769.3724677815,544262.7732876925,323839.9935270196,765415.4111318578,111883.79307669731,977371.61158218
2044-02-01,578160.9703034441,578398.1767720988,578311.2213599937,577773.5127782398,343276.71643309575,813045.2241737925,117787.83271756137,1038534.1078893268
2044-03-01,573028.5437947359,573263.7805762294,573177.3522070709,572644.4986009075,339732.4908842275,806324.5967052443,115768.28009013954,1030288.8074993322
2044-04-01,649524.3008030005,649791.0533149865,649692.8714099944,649088.9776840202,384522.6313662482,914525.9702397528,130121.02870696606,1168927.5728990347
2044-05-01,870557.6485716227,870915.273513549,870783.4735895719,869974.1986117472,514624.10950028134,1226491.187642964,172927.91199179357,1568187.385151452
2044-06-01,772726.9067043153,773044.4039470812,772927.286897285,772209.0292685796,456126.31828212587,1089327.495126505,152189.75339682403,1393264.0600118067
2044-07-01,595501.6829267023,595746.3997552812,595656.0587188028,595102.590306023,351001.5227575163,840001.8430958884,116281.36899509783,1074721.9968583067
2044-08-01,588048.7313950561,588290.4041128554,588201.1378854975,587654.6521868156,346104.0148983938,829993.4478917185,113837.08706159807,1062260.3757285143
2044-09-01,610474.8837125752,610688.5550474862,610605.2078040205,610130.8882862187,358780.49908663006,862169.2683385204,117153.88984572279,1103795.8775794276
2044-10-01,594213.8252623763,594421.4384313439,594340.9036421434,593879.1337136419,348716.0055890183,839711.6449357345,113038.09870259458,1075389.551822158
2044-11-01,596556.8694559976,596764.8387674524,596684.7510281663,596221.018572374,349582.32550121465,843531.4134107806,112486.76330462295,1080626.9756073724
2044-12-01,814456.8344369703,814740.1486200269,814631.871045151,813998.4836457329,476578.62073494645,1152335.0481389943,152215.53558100353,1476698.1332929372
2045-01-01,605067.6314409302,605277.7635501265,605197.9406706556,604727.1901020086,353540.888478342,856594.3744035184,112075.21523425744,1098060.047647603
2045-02-01,642322.2000764002,642544.99579879,642460.7612657234,641960.8431646869,374764.3544708923,909880.045681908,117908.82268960477,1166735.5774631957
2045-03-01,636620.1991315457,636840.82565847,636757.7166568844,636262.0550792826,370899.06643343985,902341.3318296516,115806.77904325826,1157433.6192198333
2045-04-01,721605.0591875814,721854.9895457148,721761.0943102988,721199.0937067308,419802.7112605378,1023407.4071146251,130072.4572505759,1313137.6611245868
2045-05-01,967167.5449682316,967502.404280106,967376.8319417102,966623.3986828788,561847.0237647237,1372488.0661717395,172739.3234093559,1761595.7665271075
2045-06-01,858480.0769259093,858777.2106286483,858665.9535127956,857997.0666362839,497986.58439507306,1218973.5694567454,151912.83156547032,1565047.3222863483
2045-07-01,661587.3555805112,661816.2996746178,661730.6693459922,661215.0977209237,383218.10429656,939956.6068644624,115983.62306396685,1207191.0880970554
2045-08-01,653307.3401818863,653533.3775938312,653448.9275120881,652939.71543974,377874.9490441405,928739.7313196323,113459.85355190454,1193154.8268118682
2045-09-01,678136.1391533017,678197.482513333,678585.6902505979,677625.2446959743,391669.3012199168,964602.9770866866,116661.13680386721,1239611.1415027364
2045-10-01,660072.8944823571,660132.797111201,660510.3665431069,659575.5197927636,380686.04414328677,939459.7448214274,112474.66781777926,1207671.1211469348
2045-11-01,662675.706189891,662736.0495259411,663114.7773971282,662176.2916466038,381635.57202655065,943715.8403532312,111837.04322974403,1213514.3691500379
2045-12-01,904726.4795575113,904809.1432659171,905325.7123218431,904044.5830847735,520281.23924209486,1289171.7198729278,151213.80853929502,1658239.1505757275
2046-01-01,672129.8358165136,672191.4016992727,672574.8944572462,671623.211293022,385964.5559467092,958295.1156863181,111245.887271697,1233013.78436133
2046-02-01,713513.4858404663,713578.9440190365,713985.84552164,712975.6679807226,409138.3003229814,1017888.6713579512,116938.1222261958,1310088.849454737
2046-03-01,707179.5136134628,707244.4858388357,707647.5905451686,706646.4644563842,404922.24226001056,1009436.784966915,114755.26176069655,1299603.765466229
2046-04-01,801583.5931649641,801657.2895238196,802114.0920437712,800979.3979273015,458316.0847218243,1144851.1016081038,128779.27661641025,1474387.9097135179
2046-05-01,1074362.771544923,1074461.5808092474,1075073.7313900138,1073553.002435508,613397.2862515014,1535328.2568383447,170870.4203698165,1977855.1227200297
2046-06-01,953629.0165655982,953716.7672091007,954260.0355406171,952910.246947077,543682.3993340549,1363575.6337971415,150133.64679177344,1757124.3863394228
2046-07-01,734913.8334771967,734981.4759243599,735400.0931262044,734359.9313810258,418386.2946732996,1051441.3722810938,114519.85742155835,1355307.8095328351
2046-08-01,725716.0980535474,725782.9054150765,726196.2490093298,725169.139736236,412556.35749449837,1038875.8386125965,111923.00655781142,1339509.1895492834
2046-09-01,753205.6632437515,753534.1093364214,753545.9832556025,752536.8971392309,427568.68349973107,1078842.642987772,114957.18294547143,1391454.1435420315
2046-10-01,733142.8851126638,733462.7623792493,733474.0241141422,732491.8688446003,415582.2609359277,1050703.5092894,110724.06172626109,1355561.7084990665
2046-11-01,736033.9093142226,736355.2459735929,736366.2375710489,735380.2443980265,416622.3287151077,1055445.4899133376,109987.21133995744,1362080.6072884877
2046-12-01,1004879.7916660076,1005318.7471765429,1005333.3480165965,1003987.2798048834,567983.1424456247,1441776.4408863906,148562.35919405715,1861197.2241379581
2047-01-01,746534.7056535734,746860.9575431416,746871.5387846066,745871.6206329721,421355.0650200341,1071714.3462871127,109182.61001183644,1383886.8012953103
2047-02-01,792499.5505236128,792845.9841175784,792857.0475180168,791795.6199352434,446657.25036823907,1138341.8506789864,114648.64221908033,1470350.4588281452
2047-03-01,785464.4313542107,785807.8766275996,785818.6926302366,784766.7248047957,442058.0405229585,1128870.822185463,112387.90532495633,1458540.957383465
2047-04-01,890319.0549006858,890708.3973095482,890720.5514929119,889528.2158995975,500352.5332733614,1280285.5765280102,125984.67251112992,1654653.4372902415
2047-05-01,1193294.9515289827,1193816.8345145055,1193833.0397780966,1192234.9802943463,669662.7682954246,1716927.134762541,166975.87239120904,2219614.0306667564
2047-06-01,1059195.9198714148,1059659.18031619,1059673.489038104,1058255.0902599501,593557.5234969229,1524834.3162459065,146544.66297741095,1971847.1767654188
2047-07-01,816268.9267567619,816625.9769989562,816636.9264914447,815543.8767798847,456770.6478165573,1175767.2056969663,111652.30003396113,1520885.5534795627
2047-08-01,806053.0067497933,806405.5819888675,806416.4135812436,805337.0246792685,450409.12018048076,1161696.893319106,108990.9890739407,1503115.0244256458
2047-09-01,836530.7540604234,837034.0496078761,836718.9193197193,835839.2932536748,466771.54362421524,1206289.9644966314,111802.7016054554,1561258.8065153912
2047-10-01,814248.5434338542,814738.5876025753,814431.5999606885,813575.4427382987,453689.33416029526,1174807.7527074132,107552.49325767878,1520944.5936100297
2047-11-01,817427.3163294782,817951.6228901856,817643.1335572402,816687.1925410085,454810.07251532696,1180044.5601436293,106697.51845374178,1528157.1142052147
2047-12-01,1116003.31446511,1116719.431079869,1116297.7850625245,1114992.727252936,620048.9637478689,1611957.665182351,143932.78705931755,2088073.8418709023
2048-01-01,829089.4878399484,829621.6879478474,829308.1281546511,828338.6474173465,459982.9200736112,1198196.0556062856,105640.61501792744,1552538.3606619693
2048-02-01,880137.3571568773,880702.4646477117,880369.368802946,879340.238019974,487607.936456366,1272666.7778573886,110779.69258387526,1649495.0217298793
2048-03-01,872324.2867593163,872884.4812824221,872554.1559579384,871534.2230375886,482590.20486967656,1262058.368648956,108445.48625562244,1636203.0872630102
2048-04-01,988774.1850465803,989409.2324924716,989034.6934003236,987878.6292469458,546233.2046346162,1431315.1654585444,121393.8634391308,1856154.5066540297
2048-05-01,1325254.3876097254,1326105.6153545727,1325603.463138231,1324054.0843363726,731073.2169626895,1919435.5582567612,160659.29314153516,2489849.4820779157
2048-06-01,1176326.127282599,1177081.7337593166,1176635.9281623515,1175260.7199261293,647992.8520288679,1704659.40253633,140792.90778528593,2211859.3467799122
2048-07-01,906535.2830562163,907117.6052457786,906774.0238096147,905714.2201132557,498664.2484519182,1314406.3176605145,107108.05523179208,1705962.5108806405
2048-08-01,895189.6306634032,895764.6790368587,895425.3551435631,894378.8578097876,491722.1921227236,1298657.069204083,104393.45112367123,1685985.8102031352
2048-09-01,929049.2547103943,929407.8640216375,929340.5832643408,928399.3168452046,509594.74794377486,1348503.7614770138,106918.42144782028,1751180.0879729681
2048-10-01,904302.6723968644,904651.7153142247,904586.2481492221,903670.0537271465,495315.1885980182,1313290.1561957106,102687.2041511259,1705918.140642603
2048-11-01,907832.9891485429,908183.3947065539,908117.6504065258,907197.9223325488,496541.5603249817,1319124.4179721042,101701.78865436299,1713964.1896427227
2048-12-01,1239430.8296439454,1239909.205786986,1239819.4769520736,1238563.8061927774,676945.856574859,1801915.8027130319,136960.28242853613,2341901.376859355
2049-01-01,920784.9567382202,921140.332354169,921073.6938114386,920140.8440490528,502194.5895433085,1339375.3239331318,100347.83703619326,1741222.076440247
2049-02-01,977478.6078216851,977855.8642698812,977785.1227253993,976794.8364697748,532357.5594979435,1422599.656145427,105041.35310715168,1849915.8625362187
2049-03-01,968801.4367366506,969175.3135694662,969105.2690144092,968123.7276260763,526882.1188988083,1410720.754574493,102639.57377447953,1834963.2996988217
2049-04-01,1098130.4379818784,1098554.225060017,1098474.8299899786,1097362.2588956396,596369.3373184563,1599891.5386453005,114678.6806815711,2081582.1952821857
2049-05-01,1471824.6118396746,1472392.6138093956,1472286.2005691286,1470795.0211405002,798178.9925734651,2145470.231105884,151479.19807790383,2792170.0256014457
2049-06-01,1306425.2130546002,1306929.3846035325,1306834.9297758518,1305511.3247844162,707476.1501937739,1905374.2759154264,132485.04984738064,2480365.3762618196
2049-07-01,1006796.0940764773,1007184.6336891067,1007111.8421120418,1006091.8064282833,544442.4121118843,1469149.7760410705,100582.87742587508,1913009.3107270796
2049-08-01,994195.6374507584,994579.314334415,994507.4337731109,993500.1642447491,536865.6442234096,1451525.6306781073,97828.85072515467,1890562.424176362
2049-09-01,1031858.1786861423,1032350.0217383006,1032110.8137769011,1031113.7005432255,556412.9833664618,1507303.3740058227,99985.59585956886,1963730.7615127156
2049-10-01,1004373.1068454775,1004851.7774011606,1004619.0603248299,1003648.4828104418,540823.9971437139,1467922.2165472412,95816.85183002068,1912929.3618609342
2049-11-01,1008333.026862054,1008774.4373496032,1008541.0032826228,1007683.639953936,542186.4376489824,1474479.6160751255,94685.7120044337,1921980.3417196744
2049-12-01,1376639.7298357307,1377242.1642644797,1376923.7921969155,1375753.2330457969,739177.7382161594,2014101.721455302,127214.22626137082,2626065.2334100907
2050-01-01,1022718.6976010175,1023166.0899967825,1022929.8354498959,1022060.1673563742,548363.8753966063,1497073.5198054288,92983.24608037146,1952454.1491216638
2050-02-01,1085688.4595477388,1086163.2436846464,1085912.700469432,1084989.4344891384,581302.325446384,1590074.5936490935,97091.63670908354,2074285.282386394
2050-03-01,1076050.6566813115,1076521.1409565804,1076272.949573621,1075357.879513733,575325.8484124467,1576775.4649501764,94630.03247433655,2057471.2808882867
2050-04-01,1219696.7559637756,1220229.9697602126,1219948.7911504747,1218911.5069806399,651204.6594149113,1788188.85251264,105452.24672800179,2333941.265199549
2050-05-01,1634759.977604106,1635474.5795562663,1635097.8322026206,1633707.521053431,871573.8972118997,2397946.057996312,138915.26003538206,3130604.69517283
2050-06-01,1451050.373023126,1451684.6356215454,1451350.294948043,1450116.1884997897,772533.6742588878,2129567.0717873643,121157.643445219,2780943.102601033
2050-07-01,1118251.418657244,1118740.2128877337,1118482.5533747287,1117531.4897092693,594510.0767080185,1641992.7606064694,91718.38843676209,2144784.4488777258
2050-08-01,1104256.053974821,1104738.704532737,1104484.322165559,1103545.1352261668,586238.7225905278,1622273.3853591143,88942.0844616063,2119570.023488036
2050-09-01,1146185.6647017545,1146385.4629318397,1146606.5716916653,1145564.9594817583,607637.7537966678,1684733.5756068411,90631.7593277847,2201739.5700757243
2050-10-01,1115655.3108335703,1115849.7606564318,1116065.0328272628,1115051.1390170166,590615.7046474902,1640694.9170196506,86577.68270885327,2144732.9389582872
2050-11-01,1120053.9896401267,1120249.1706631712,1120465.371351951,1119447.4269052576,592105.6376354127,1648002.3416448405,85275.21971088734,2154832.759569366
2050-12-01,1529168.2581324086,1529434.695251164,1529729.9749485364,1528340.1041975254,807236.7109502433,2251099.805314574,114182.42565536496,2944154.090609452
2051-01-01,1136033.6043096043,1136231.5519590336,1136450.9180436959,1135418.3429260836,598855.8570554506,1673211.351563758,83165.21969146295,2188901.9889277453
2051-02-01,1205980.291814808,1206190.4082027338,1206423.3381247355,1205327.1291169552,634829.2478899456,1777131.3357396706,86524.24572207767,2325436.3379075383
2051-03-01,1195274.6705067249,1195482.9216631397,1195713.8122102018,1194627.2776468336,628304.432356094,1762244.9086573557,84013.00373148825,2306536.3372819615
2051-04-01,1354836.4587889544,1355072.4887429476,1355334.2660749226,1354102.621548993,711172.6830041128,1998500.2345737962,93255.45825066516,2616417.4593272437
2051-05-01,1815887.7960857006,1816204.1614829667,1816555.021730208,1814904.2050439275,951838.0827827338,2679937.509388667,122350.3580118859,3509425.2341595157
2051-06-01,1611823.5831727022,1612104.3835856833,1612415.853435844,1610950.5124965792,843679.5772335614,2379967.589111843,106261.3315319865,3117385.834813418
2051-07-01,1242151.231974736,1242367.6307063126,1242607.6648279987,1241478.400389897,649262.8503135393,1835039.6136359328,80090.0039187903,2404212.460030682
2051-08-01,1226605.230884286,1226818.9310053957,1227055.9610038472,1225940.8006436154,640231.478605197,1812978.9831633752,77312.67641727182,2375897.7853513006
2051-09-01,1273609.4254247942,1274628.134709211,1273586.1633788042,1272613.9781863675,663826.6547983243,1883392.196051264,78435.19499691325,2468783.6558526754
2051-10-01,1239684.460513734,1240674.8777892857,1239662.4849347558,1238716.0188171605,645231.9552340927,1834136.9657933754,74557.55016563732,2404811.3708618307
2051-11-01,1244571.5960039918,1245564.579229848,1244550.3214023355,1243599.887379792,646860.985013971,1842282.2069940125,73058.7984635513,2416084.3935444322
2051-12-01,1699166.9462040318,1700521.083695202,1699138.8551141762,1697840.8998027174,881888.2520074251,2516445.6404006383,97300.70557868264,3301033.1868293807
2052-01-01,1262326.9426756208,1263332.0455487573,1262306.672681231,1261342.1097968738,654238.141904604,1870415.7434466376,70472.89316442783,2454180.9921868136
2052-02-01,1340049.42113254,1341115.762528391,1340028.3377172223,1339004.1631520067,693539.8037927551,1986559.038472325,72890.57114656172,2607208.2711185184
2052-03-01,1328153.5481736485,1329209.96125486,1328133.009137113,1327117.6741289725,686412.9894741076,1969894.1068731896,70342.05312254852,2585965.043224748
2052-04-01,1505453.7866180837,1506650.85514428,1505430.8153805938,1504279.6893293778,776946.8781625634,2233960.695073604,77580.24604526412,2933327.3271909035
2052-05-01,2017760.2391280525,2019364.3991594992,2017729.7061559963,2016186.612068663,1039872.7702846334,2995647.7079714714,101100.80019495092,3934419.6780611537
2052-06-01,1791010.185555152,1792433.9047120956,1790983.2538048478,1789613.398148512,921712.5598728147,2660307.8112374893,87186.83921777093,3494833.531892533
2052-07-01,1380241.3299389798,1381338.4093815105,1380220.695099164,1379164.8853362652,709315.3091507935,2051167.3507271663,65226.32919413451,2695256.330683825
2052-08-01,1362967.0996499155,1364050.3948115015,1362946.7985359118,1361904.1056023336,699449.8533359688,2026484.345963862,62473.29687458019,2663460.902425251
2052-09-01,1414752.2129364526,1415101.4884955045,1414856.8889226676,1414298.2613911855,725000.8986426863,2104503.527230219,62839.6369206711,2766664.788952234
2052-10-01,1377068.049544077,1377408.8605501882,1377169.5014179235,1376625.786664119,704693.9797578612,2049442.1193302926,59214.87276309456,2694921.2263250593
2052-11-01,1382497.1890874205,1382840.3172913545,1382598.472041589,1382052.7779293174,706474.4406254474,2058519.9375493934,57492.602101953395,2707501.7760728872
2052-12-01,1887471.9615742483,1887941.5268861905,1887609.507548404,1886864.850288151,963162.9829497429,2811780.9401987535,75826.3634702181,3699117.5596782784
2053-01-01,1402220.669146955,1402570.1016674852,1402322.442785998,1401769.4629873815,714533.7582462976,2089907.5800476123,54354.323781666695,2750087.014512243
2053-02-01,1488556.6103495425,1488927.9935328173,1488664.3086816547,1488077.5288341553,757458.5814306374,2219654.639268447,55604.47366848863,2921508.7470305962
2053-03-01,1475342.4575934813,1475710.8124499542,1475448.9780526578,1474867.5822778323,749675.9065584195,2201009.008628543,53036.017564760055,2897648.8976222025
2053-04-01,1672291.5000277853,1672709.266159018,1672412.0021134308,1671753.2318109074,848554.8145097353,2496028.185545835,57767.59641240725,3286815.4036431634
2053-05-01,2241372.8495554407,2241932.976744693,2241534.127974242,2240651.4439473874,1135714.7321017475,3347030.967009134,74282.9393462018,4408462.75976468
2053-06-01,1989493.8110282375,1989991.1344322057,1989636.7765299743,1988853.522122532,1006665.0744214179,2972322.547635057,63149.48727887141,3915838.1347776037
2053-07-01,1533202.6374432382,1533585.9238031711,1533312.765224533,1532709.223302011,774692.3080562459,2291712.9668302303,46522.391844733516,3019882.883041743
2053-08-01,1514014.003925131,1514392.56519735,1514122.6455924702,1513526.8009855729,763918.2302320607,2264109.7776182014,43826.28748671345,2984201.7203635485
2053-09-01,1571748.716863975,1572256.7991723625,1572098.8416345501,1570890.5097850123,791931.1176599219,2351566.316068028,43306.222424030944,3100191.211303919
2053-10-01,1529882.58217005,1530376.9614407448,1530223.429231048,1529047.3558383572,769750.0380925192,2290015.1262475806,40022.795778089705,3019742.36856201
2053-11-01,1535914.137658384,1536410.2716029056,1536256.462194331,1535075.679177916,771695.3670892282,2300132.9082275396,38045.347342838955,3033782.927973929
2053-12-01,2096926.3787478104,2097603.466504823,2097393.9739686293,2095781.6957699782,1052081.7388791365,3141771.018616484,49030.88460520981,4144821.872890411
2054-01-01,1557826.2882989764,1558329.155254782,1558173.7801149862,1556975.929527161,780499.5883479492,2335152.9882500037,34265.95639496307,3081386.62020299
2054-02-01,1653743.0284270684,1654276.7526618687,1654112.0464590092,1652840.2861603273,827387.643120896,2480098.4137332407,34086.4732269706,3273399.5836271658
2054-03-01,1639062.4896790155,1639591.3981498834,1639428.3096888298,1638167.7611983337,818886.8003087917,2459238.179049239,31518.138513377045,3246606.840844654
2054-04-01,1857867.138166409,1858466.564432228,1858281.8810688234,1856852.968998175,926894.6300460154,2788839.646286803,33161.02225043768,3682573.2540823803
2054-05-01,2490099.938616125,2490903.3498380887,2490655.8186651487,2488740.647345137,1240565.903732498,3739633.9734997516,41013.23024421626,4939186.646988034
2054-06-01,2210269.699703768,2210982.685980947,2210763.28642673,2209063.1267036265,1099602.3945305485,3320937.0048769875,33361.781564258126,4387177.617843278
2054-07-01,1703343.5177761868,1703892.9534218137,1703723.9541009723,1702413.6458057745,846213.5674799597,2560473.468072414,23368.81519558184,3383318.2203567917
2054-08-01,1682025.504279578,1682568.0635221854,1682401.179294257,1681107.2700222922,834444.8581660851,2529606.150393071,20767.437897131764,3343283.5706620244
